LAND,REGION,NETZ,ANLAGEN_NR,Zustand 2022
NW,W,Hagen,16000574,mangelhaft
NW,W,Hagen,16000576,mangelhaft
NW,W,Hagen,16000577,schlecht
NW,W,Hagen,16000583,schlecht
NW,W,Hagen,16000591,schlecht
NW,W,Hagen,16000592,schlecht
NW,W,Hagen,16000593,mangelhaft
NW,W,Hagen,16000597,mangelhaft
NW,W,Hagen,16000629,mangelhaft
NW,W,Hagen,16000633,schlecht
NW,W,Hagen,16000660,schlecht
NW,W,Hagen,16000664,schlecht
RP,W,Hagen,16000677,mangelhaft
NW,W,Hagen,16000684,schlecht
NW,W,Hagen,16000685,schlecht
NW,W,Hagen,16000688,mangelhaft
NW,W,Hagen,16000698,schlecht
NW,W,Hagen,16000699,mangelhaft
NW,W,Hagen,16000700,schlecht
NW,W,Hagen,16000717,mangelhaft
NW,W,Hagen,16000729,schlecht
NW,W,Duisburg,16000735,mangelhaft
NW,W,Duisburg,16000736,mangelhaft
NW,W,Duisburg,16000737,schlecht
NW,W,Hagen,16000740,mangelhaft
NW,W,Duisburg,16000749,mangelhaft
NW,W,Duisburg,16000756,mangelhaft
NW,W,Duisburg,16000766,mangelhaft
NW,W,Duisburg,16000767,mangelhaft
NW,W,Duisburg,16000774,schlecht
SH,N,Kiel,16000780,mangelhaft
NI,N,Hamburg,16000825,mangelhaft
NW,W,Hagen,16000836,mangelhaft
NW,W,Hagen,16000891,schlecht
NW,W,Hagen,16000893,mangelhaft
NI,N,Hamburg,16000918,mangelhaft
SH,N,Kiel,16000936,mangelhaft
SH,N,Kiel,16000974,mangelhaft
SH,N,Kiel,16000985,schlecht
SH,N,Kiel,16000988,schlecht
SH,N,Kiel,16001006,schlecht
HH,N,Hamburg,16001038,schlecht
NW,W,Hagen,16001052,schlecht
NW,W,Hagen,16001078,schlecht
NW,W,Hagen,16001081,schlecht
NW,W,Hagen,16001087,schlecht
NW,W,Hagen,16001117,schlecht
NW,W,Hagen,16001131,schlecht
NW,W,Hagen,16001134,mangelhaft
NW,W,Hagen,16001135,schlecht
NW,W,Hagen,16001205,schlecht
SH,N,Kiel,16001298,schlecht
SH,N,Kiel,16001301,schlecht
SH,N,Kiel,16001308,schlecht
SH,N,Kiel,16001329,schlecht
SH,N,Kiel,16001332,mangelhaft
SH,N,Kiel,16001361,mangelhaft
HH,N,Hamburg,16001467,schlecht
HH,N,Hamburg,16001470,schlecht
HH,N,Hamburg,16001484,mangelhaft
HH,N,Hamburg,16001500,schlecht
HH,N,Hamburg,16001501,schlecht
HH,N,Hamburg,16001514,schlecht
HH,N,Hamburg,16001526,mangelhaft
HH,N,Hamburg,16001536,schlecht
HH,N,Hamburg,16001538,mangelhaft
NW,W,Hagen,16001549,schlecht
HH,N,Hamburg,16001577,mangelhaft
NW,W,Hagen,16001609,schlecht
NW,W,Hagen,16001614,mangelhaft
NW,W,Hagen,16001625,schlecht
RP,W,Hagen,16001641,schlecht
RP,W,Hagen,16001646,schlecht
RP,W,Hagen,16001647,schlecht
NW,W,Hagen,16001650,schlecht
RP,W,Hagen,16001660,schlecht
RP,W,Hagen,16001669,schlecht
NW,W,Hagen,16001673,mangelhaft
NW,W,Hagen,16001686,schlecht
HH,N,Hamburg,16001688,mangelhaft
NW,W,Hagen,16001696,schlecht
NW,W,Hagen,16001719,schlecht
NW,W,Hagen,16001720,schlecht
NW,W,Hagen,16001725,schlecht
NW,W,Hagen,16001737,schlecht
NW,W,Hagen,16001747,schlecht
NW,W,Hagen,16001753,schlecht
NW,W,Hagen,16001760,schlecht
SH,N,Kiel,16001788,schlecht
SH,N,Kiel,16001810,mangelhaft
SH,N,Kiel,16001811,schlecht
NW,W,Hagen,16001815,schlecht
HH,N,Hamburg,16001821,schlecht
NW,W,Hagen,16001822,schlecht
NW,W,Hagen,16001837,schlecht
NW,W,Hagen,16001854,schlecht
NW,W,Hagen,16001859,schlecht
NW,W,Hagen,16001860,schlecht
NI,N,Hamburg,16001917,schlecht
SH,N,Kiel,16001991,schlecht
SH,N,Kiel,16001999,schlecht
HH,N,Hamburg,16002041,mangelhaft
HH,N,Hamburg,16002046,schlecht
HH,N,Hamburg,16002048,schlecht
NI,N,Hamburg,16002050,schlecht
NI,N,Hamburg,16002064,mangelhaft
HH,N,Hamburg,16002067,schlecht
NW,W,Hagen,16002091,schlecht
NW,W,Hagen,16002096,schlecht
NW,W,Hagen,16002098,schlecht
NW,W,Hagen,16002102,schlecht
NW,W,Hagen,16002112,schlecht
NW,W,Hagen,16002143,schlecht
NW,W,Hagen,16002144,schlecht
NW,W,Hagen,16002147,schlecht
NW,W,Hagen,16002148,schlecht
NW,W,Hagen,16002155,schlecht
NW,W,Hagen,16002157,schlecht
NW,W,Hagen,16002165,schlecht
NW,W,Hagen,16002210,schlecht
NW,W,Hagen,16002229,schlecht
NI,N,Hamburg,16002252,mangelhaft
SH,N,Kiel,16002275,mangelhaft
HH,N,Hamburg,16002310,mangelhaft
HH,N,Hamburg,16002313,mangelhaft
HH,N,Hamburg,16002336,mangelhaft
HH,N,Hamburg,16002341,schlecht
HH,N,Hamburg,16002342,mangelhaft
HH,N,Hamburg,16002346,schlecht
HH,N,Hamburg,16002351,mangelhaft
NW,W,Hagen,16002354,schlecht
NW,W,Hagen,16002362,schlecht
NW,W,Hagen,16002387,schlecht
NW,W,Hagen,16002392,schlecht
HH,N,Hamburg,16002400,schlecht
NI,N,Hamburg,16002403,mangelhaft
SH,N,Kiel,16002526,schlecht
HH,N,Hamburg,16002537,mangelhaft
HH,N,Hamburg,16002538,mangelhaft
HH,N,Hamburg,16002541,mangelhaft
NW,W,Duisburg,16002601,schlecht
NW,W,Duisburg,16002605,schlecht
NW,W,Hamm,16002610,schlecht
NW,W,Duisburg,16002613,schlecht
NW,W,Hamm,16002647,schlecht
NW,W,Hamm,16002720,schlecht
NW,W,Hamm,16002740,mangelhaft
NW,W,Duisburg,16002768,mangelhaft
HE,MI,Kassel,16002807,schlecht
NW,W,Duisburg,16002845,schlecht
NW,W,Duisburg,16002846,schlecht
NW,W,Duisburg,16002847,mangelhaft
NW,W,Duisburg,16002851,schlecht
NW,W,Duisburg,16002858,schlecht
NW,W,Duisburg,16002861,schlecht
NW,W,Duisburg,16002864,mangelhaft
NW,W,Duisburg,16002881,schlecht
NW,W,Duisburg,16002884,schlecht
NW,W,Duisburg,16002891,mangelhaft
NW,W,Duisburg,16002893,schlecht
NW,W,Duisburg,16002897,schlecht
NW,W,Duisburg,16002913,schlecht
NW,W,Duisburg,16002914,schlecht
NW,W,Hagen,16002916,mangelhaft
NW,W,Hagen,16002923,schlecht
NW,W,Hagen,16002934,schlecht
NW,W,Hagen,16002941,mangelhaft
NW,W,Hagen,16002943,schlecht
NW,W,Hagen,16002945,schlecht
NW,W,Hagen,16002963,schlecht
NW,W,Hagen,16002966,mangelhaft
NW,W,Hagen,16002992,schlecht
NW,W,Duisburg,16002997,schlecht
RP,W,Hagen,16002999,schlecht
NW,W,Hagen,16003015,schlecht
NW,W,Hagen,16003025,mangelhaft
NW,W,Hagen,16003034,schlecht
NW,W,Hagen,16003042,mangelhaft
NW,W,Hagen,16003045,schlecht
NW,W,Hagen,16003047,schlecht
NW,W,Duisburg,16003056,schlecht
NW,W,Duisburg,16003065,mangelhaft
NW,W,Duisburg,16003083,mangelhaft
NW,W,Duisburg,16003085,mangelhaft
NW,W,Duisburg,16003088,schlecht
NW,W,Duisburg,16003093,mangelhaft
NW,W,Duisburg,16003107,schlecht
NW,W,Duisburg,16003109,mangelhaft
NW,W,Duisburg,16003110,mangelhaft
NW,W,Duisburg,16003125,mangelhaft
NW,W,Duisburg,16003128,mangelhaft
NW,W,Duisburg,16003136,mangelhaft
NW,W,Duisburg,16003137,mangelhaft
NW,W,Duisburg,16003139,schlecht
NW,W,Duisburg,16003143,schlecht
NW,W,Duisburg,16003145,schlecht
NW,W,Duisburg,16003146,schlecht
NW,W,Duisburg,16003159,mangelhaft
NW,W,Duisburg,16003169,mangelhaft
NW,W,Duisburg,16003171,schlecht
NW,W,Duisburg,16003178,mangelhaft
NW,W,Duisburg,16003181,mangelhaft
NW,W,Duisburg,16003185,mangelhaft
NW,W,Duisburg,16003188,mangelhaft
NW,W,Hamm,16003224,schlecht
NW,W,Hamm,16003232,schlecht
NW,W,Hamm,16003238,schlecht
NW,W,Hagen,16003244,schlecht
NW,W,Duisburg,16003283,mangelhaft
NW,W,Duisburg,16003301,schlecht
NW,W,Duisburg,16003304,schlecht
NW,W,Duisburg,16003312,mangelhaft
NW,W,Duisburg,16003317,schlecht
NW,W,Duisburg,16003326,schlecht
NW,W,Hamm,16003330,schlecht
NW,W,Hamm,16003333,schlecht
NW,W,Duisburg,16003396,schlecht
NW,W,Duisburg,16003409,schlecht
NW,W,Duisburg,16003423,schlecht
NW,W,Duisburg,16003436,schlecht
NW,W,Duisburg,16003454,mangelhaft
NW,W,Duisburg,16003457,mangelhaft
NW,W,Hagen,16003462,mangelhaft
NW,W,Duisburg,16003475,schlecht
NW,W,Duisburg,16003478,schlecht
NW,W,Duisburg,16003503,mangelhaft
NW,W,Duisburg,16003507,schlecht
NW,W,Duisburg,16003510,schlecht
NW,W,Duisburg,16003517,mangelhaft
NW,W,Duisburg,16003528,einschränkend
NW,W,Duisburg,16003532,schlecht
NW,W,Duisburg,16003534,mangelhaft
NW,W,Duisburg,16003546,mangelhaft
NW,W,Duisburg,16003568,schlecht
NW,W,Duisburg,16003570,schlecht
NW,W,Hagen,16003588,mangelhaft
NW,W,Hagen,16003590,schlecht
NW,W,Duisburg,16003596,schlecht
NW,W,Hagen,16003620,schlecht
NW,W,Hagen,16003633,schlecht
NW,W,Hagen,16003639,schlecht
NW,W,Hamm,16003676,schlecht
NW,W,Duisburg,16003723,mangelhaft
NW,W,Duisburg,16003741,mangelhaft
NW,W,Duisburg,16003746,mangelhaft
NW,W,Duisburg,16003753,schlecht
NW,W,Hagen,16003758,schlecht
NW,W,Duisburg,16003775,schlecht
NW,W,Duisburg,16003782,mangelhaft
NW,W,Duisburg,16003784,mangelhaft
RP,W,Hagen,16003793,schlecht
NW,W,Hagen,16003794,schlecht
NW,W,Hagen,16003804,schlecht
NW,W,Duisburg,16003824,mangelhaft
NW,W,Duisburg,16003826,mangelhaft
NW,W,Duisburg,16003827,schlecht
NW,W,Hagen,16003828,schlecht
NW,W,Duisburg,16003847,mangelhaft
NW,W,Duisburg,16003848,schlecht
NW,W,Duisburg,16003849,schlecht
NW,W,Duisburg,16003851,mangelhaft
NW,W,Duisburg,16003855,schlecht
NW,W,Duisburg,16003861,mangelhaft
NW,W,Duisburg,16003864,schlecht
NW,W,Hagen,16003875,mangelhaft
NW,W,Duisburg,16003902,schlecht
NW,W,Duisburg,16003939,mangelhaft
NW,W,Duisburg,16004008,schlecht
NW,W,Duisburg,16004010,schlecht
NW,W,Duisburg,16004042,mangelhaft
NW,W,Duisburg,16004054,schlecht
NW,W,Duisburg,16004057,mangelhaft
NW,W,Duisburg,16004064,mangelhaft
NW,W,Duisburg,16004086,schlecht
NW,W,Duisburg,16004087,mangelhaft
NW,W,Duisburg,16004092,mangelhaft
NW,W,Hagen,16004096,schlecht
NW,W,Hagen,16004103,schlecht
NW,W,Hagen,16004107,schlecht
NW,W,Hagen,16004112,mangelhaft
NW,W,Hagen,16004117,schlecht
NW,W,Hagen,16004124,schlecht
NW,W,Hagen,16004126,mangelhaft
NW,W,Duisburg,16004187,schlecht
NW,W,Duisburg,16004194,schlecht
NW,W,Duisburg,16004199,mangelhaft
NW,W,Duisburg,16004208,mangelhaft
NW,W,Duisburg,16004210,mangelhaft
NW,W,Duisburg,16004212,mangelhaft
NW,W,Duisburg,16004213,schlecht
NW,W,Duisburg,16004214,schlecht
NW,W,Duisburg,16004216,schlecht
NW,W,Duisburg,16004229,mangelhaft
NW,W,Duisburg,16004237,schlecht
NW,W,Duisburg,16004250,schlecht
NW,W,Duisburg,16004251,mangelhaft
NW,W,Duisburg,16004263,schlecht
NW,W,Duisburg,16004280,mangelhaft
NW,W,Duisburg,16004283,schlecht
NW,W,Duisburg,16004285,schlecht
NW,W,Duisburg,16004288,mangelhaft
NW,W,Duisburg,16004295,mangelhaft
NW,W,Duisburg,16004302,schlecht
NW,W,Duisburg,16004309,schlecht
NW,W,Duisburg,16004318,mangelhaft
NW,W,Duisburg,16004322,schlecht
NW,W,Duisburg,16004324,schlecht
NW,W,Duisburg,16004335,schlecht
NW,W,Duisburg,16004345,mangelhaft
NW,W,Duisburg,16004361,schlecht
NW,W,Hagen,16004409,schlecht
NW,W,Hagen,16004415,schlecht
NW,W,Hagen,16004434,schlecht
NW,W,Hagen,16004438,mangelhaft
NW,W,Duisburg,16004457,schlecht
NW,W,Duisburg,16004463,schlecht
NW,W,Duisburg,16004468,schlecht
NW,W,Duisburg,16004474,schlecht
NW,W,Hamm,16004487,schlecht
NW,W,Duisburg,16004547,mangelhaft
NW,W,Duisburg,16004548,schlecht
NW,W,Duisburg,16004549,schlecht
NW,W,Duisburg,16004550,schlecht
NW,W,Duisburg,16004551,schlecht
NW,W,Duisburg,16004560,schlecht
NW,W,Duisburg,16004585,mangelhaft
HE,MI,Frankfurt (Main),16004654,schlecht
HE,MI,Frankfurt (Main),16004666,schlecht
HE,MI,Frankfurt (Main),16004760,schlecht
HE,MI,Frankfurt (Main),16004799,mangelhaft
HE,MI,Frankfurt (Main),16004802,schlecht
HE,MI,Frankfurt (Main),16004823,mangelhaft
HE,MI,Frankfurt (Main),16004829,schlecht
HE,MI,Frankfurt (Main),16004830,schlecht
HE,MI,Frankfurt (Main),16004831,schlecht
HE,MI,Mainz,16004913,schlecht
HE,MI,Mainz,16004927,schlecht
BY,MI,Frankfurt (Main),16004930,mangelhaft
NW,W,Hamm,16005156,schlecht
HE,MI,Kassel,16005192,schlecht
HE,MI,Kassel,16005255,schlecht
HE,MI,Kassel,16005381,schlecht
HE,MI,Kassel,16005397,schlecht
HE,MI,Kurhessenbahn (RN,I) 16005476,schlecht
HE,MI,Kurhessenbahn (RN,I) 16005477,schlecht
HE,MI,Kassel,16005533,schlecht
NI,MI,Kassel,16005552,schlecht
HE,MI,Frankfurt (Main),16005700,mangelhaft
HE,MI,Frankfurt (Main),16005732,schlecht
HE,MI,Mainz,16005749,schlecht
HE,MI,Mainz,16005760,schlecht
HE,MI,Mainz,16005763,schlecht
HE,MI,Mainz,16005782,schlecht
RP,MI,Mainz,16005803,schlecht
RP,MI,Mainz,16005831,schlecht
HE,MI,Frankfurt (Main),16006151,schlecht
HE,MI,Frankfurt (Main),16006171,schlecht
HE,MI,Mainz,16006210,mangelhaft
RP,MI,Mainz,16006218,einschränkend
RP,MI,Mainz,16006223,schlecht
RP,MI,Mainz,16006225,schlecht
RP,MI,Mainz,16006233,schlecht
RP,MI,Mainz,16006235,mangelhaft
HE,MI,Mainz,16006296,schlecht
HE,MI,Mainz,16006299,schlecht
RP,MI,Frankfurt (Main),16006611,schlecht
NI,N,Hamburg,16006644,schlecht
NI,N,Hannover,16006657,schlecht
NI,N,Hannover,16006683,schlecht
NI,N,Hannover,16006686,schlecht
NI,N,Hannover,16006687,schlecht
NI,SO,Halle,16006774,mangelhaft
NI,N,Hannover,16006792,einschränkend
NI,N,Hannover,16006822,mangelhaft
NI,N,Hannover,16006823,schlecht
NI,N,Hannover,16006824,schlecht
NI,N,Hannover,16006846,mangelhaft
NI,N,Bremen,16006855,mangelhaft
HB,N,Bremen,16006873,schlecht
NI,N,Bremen,16006881,schlecht
HB,N,Bremen,16006886,schlecht
NI,N,Hannover,16007010,mangelhaft
HE,MI,Mainz,16007158,schlecht
HE,MI,Frankfurt (Main),16007231,schlecht
HE,MI,Frankfurt (Main),16007239,einschränkend
HE,MI,Frankfurt (Main),16007244,schlecht
HE,MI,Frankfurt (Main),16007356,schlecht
HE,MI,Mainz,16007401,schlecht
HE,MI,Mainz,16007406,schlecht
RP,MI,Mainz,16007415,schlecht
RP,MI,Mainz,16007432,schlecht
HE,MI,Frankfurt (Main),16007438,mangelhaft
HE,MI,Frankfurt (Main),16007469,schlecht
HE,MI,Mainz,16007488,mangelhaft
HE,MI,Mainz,16007509,schlecht
HE,MI,Mainz,16007515,schlecht
RP,MI,Koblenz,16007535,schlecht
RP,MI,Koblenz,16007537,schlecht
HE,MI,Frankfurt (Main),16007593,mangelhaft
HE,MI,Frankfurt (Main),16007598,schlecht
HE,MI,Frankfurt (Main),16007643,schlecht
NI,N,Hannover,16007667,mangelhaft
NI,N,Hannover,16007675,schlecht
NI,N,Hannover,16007678,schlecht
NI,N,Hannover,16007715,schlecht
NI,N,Hannover,16007720,schlecht
NI,N,Hannover,16007744,schlecht
HB,N,Bremen,16007755,mangelhaft
NI,N,Hannover,16007829,schlecht
NI,N,Hannover,16007844,mangelhaft
NI,N,Hannover,16007867,schlecht
NI,N,Hannover,16007869,mangelhaft
RP,MI,Mainz,16007890,schlecht
RP,MI,Frankfurt (Main),16007927,schlecht
HE,MI,Frankfurt (Main),16007954,mangelhaft
HE,MI,Frankfurt (Main),16007957,schlecht
HE,MI,Frankfurt (Main),16007962,schlecht
HE,MI,Frankfurt (Main),16008017,mangelhaft
HE,MI,Frankfurt (Main),16008021,schlecht
RP,MI,Mainz,16008060,schlecht
HE,MI,Frankfurt (Main),16008150,schlecht
RP,SW,Karlsruhe,16008277,schlecht
HE,W,Hagen,16008300,schlecht
HE,W,Hagen,16008326,schlecht
HE,W,Hagen,16008332,schlecht
BY,MI,Frankfurt (Main),16008370,schlecht
NI,N,Hannover,16008383,schlecht
NI,N,Hannover,16008408,schlecht
NI,N,Hannover,16008410,mangelhaft
NI,N,Hannover,16008431,schlecht
NI,N,Hannover,16008449,schlecht
HE,MI,Frankfurt (Main),16008494,schlecht
HB,N,Bremen,16008522,schlecht
RP,MI,Frankfurt (Main),16008600,schlecht
NI,N,Hannover,16008639,schlecht
NW,N,Osnabrück,16008657,einschränkend
NI,N,Osnabrück,16008693,schlecht
BW,SW,Karlsruhe,16008719,schlecht
BW,SW,Karlsruhe,16008756,schlecht
BW,SW,Karlsruhe,16008772,schlecht
BW,SW,Karlsruhe,16008799,schlecht
BW,SW,Freiburg,16008836,schlecht
BW,SW,Freiburg,16008846,schlecht
BW,SW,Freiburg,16008928,schlecht
BW,SW,Freiburg,16008938,schlecht
NW,N,Osnabrück,16008977,schlecht
NI,N,Osnabrück,16009028,mangelhaft
NI,N,Bremen,16009074,mangelhaft
NI,N,Osnabrück,16009081,schlecht
NI,N,Bremen,16009083,schlecht
NW,N,Osnabrück,16009150,mangelhaft
NW,N,Osnabrück,16009162,mangelhaft
NW,N,Osnabrück,16009164,schlecht
NW,MI,Kassel,16009183,schlecht
NW,N,Osnabrück,16009196,schlecht
NW,N,Hannover,16009226,schlecht
NW,N,Hannover,16009243,schlecht
NW,N,Hannover,16009245,schlecht
NI,N,Hannover,16009264,schlecht
NI,N,Hannover,16009281,mangelhaft
NI,N,Hannover,16009331,schlecht
NI,N,Hannover,16009337,schlecht
NI,N,Hannover,16009402,schlecht
NI,SO,Halle,16009440,mangelhaft
HB,N,Bremen,16009468,schlecht
HB,N,Bremen,16009477,schlecht
HB,N,Bremen,16009492,schlecht
NI,N,Hannover,16009564,mangelhaft
NI,N,Hannover,16009569,mangelhaft
NI,N,Hamburg,16009595,schlecht
BW,SW,Karlsruhe,16009724,mangelhaft
BW,SW,Karlsruhe,16009730,schlecht
BW,SW,Karlsruhe,16009747,schlecht
BW,SW,Freiburg,16009780,mangelhaft
NW,N,Osnabrück,16009815,schlecht
NW,N,Osnabrück,16009913,mangelhaft
NW,N,Osnabrück,16009917,mangelhaft
NW,N,Osnabrück,16009931,mangelhaft
NI,N,Osnabrück,16009934,schlecht
NI,N,Hannover,16009982,schlecht
NI,N,Hannover,16009995,schlecht
NI,N,Hannover,16009999,mangelhaft
NI,N,Hannover,16010028,schlecht
NI,N,Hannover,16010034,schlecht
HB,N,Bremen,16010045,mangelhaft
NI,N,Hannover,16010063,mangelhaft
NI,N,Hannover,16010095,schlecht
NI,N,Hamburg,16010131,schlecht
NI,N,Hamburg,16010135,mangelhaft
NI,N,Hamburg,16010139,schlecht
NI,N,Hannover,16010148,schlecht
NI,N,Hamburg,16010159,mangelhaft
BW,SW,Stuttgart,16010170,mangelhaft
BW,SW,Karlsruhe,16010198,mangelhaft
BW,SW,Karlsruhe,16010205,schlecht
BW,SW,Freiburg,16010217,schlecht
BW,SW,Freiburg,16010231,schlecht
NI,N,Hamburg,16010319,mangelhaft
NI,N,Hamburg,16010345,schlecht
NW,N,Osnabrück,16010404,schlecht
NW,N,Osnabrück,16010424,schlecht
NW,N,Osnabrück,16010426,schlecht
NW,N,Osnabrück,16010434,schlecht
NI,N,Osnabrück,16010468,schlecht
NI,SO,Halle,16010502,mangelhaft
HB,N,Bremen,16010613,mangelhaft
RP,SW,Karlsruhe,16010647,mangelhaft
BW,SW,Karlsruhe,16010665,mangelhaft
NW,W,Köln,16010726,mangelhaft
RP,SW,Karlsruhe,16010744,mangelhaft
NW,W,Düsseldorf,16010764,mangelhaft
NW,W,Düsseldorf,16010767,schlecht
NW,W,Düsseldorf,16010785,schlecht
NW,W,Düsseldorf,16010810,mangelhaft
NW,W,Düsseldorf,16010817,schlecht
NW,W,Düsseldorf,16010831,mangelhaft
NW,W,Duisburg,16010850,schlecht
NW,W,Düsseldorf,16010863,schlecht
NW,W,Düsseldorf,16010907,schlecht
NW,W,Düsseldorf,16010910,mangelhaft
RP,SW,Karlsruhe,16010923,mangelhaft
RP,SW,Karlsruhe,16010949,mangelhaft
BW,SW,Freiburg,16011028,schlecht
BW,SW,Freiburg,16011029,schlecht
BW,SW,Freiburg,16011031,schlecht
BW,SW,Karlsruhe,16011099,mangelhaft
BW,SW,Karlsruhe,16011102,mangelhaft
BW,SW,Karlsruhe,16011104,schlecht
BW,SW,Karlsruhe,16011121,mangelhaft
BW,SW,Karlsruhe,16011228,mangelhaft
RP,SW,Karlsruhe,16011237,schlecht
RP,SW,Karlsruhe,16011240,schlecht
RP,SW,Karlsruhe,16011248,mangelhaft
NW,W,Köln,16011262,schlecht
RP,SW,Karlsruhe,16011271,schlecht
BW,SW,Karlsruhe,16011349,schlecht
BW,SW,Karlsruhe,16011350,schlecht
BW,SW,Karlsruhe,16011360,mangelhaft
BW,SW,Karlsruhe,16011361,schlecht
BW,SW,Karlsruhe,16011364,schlecht
BW,SW,Karlsruhe,16011366,schlecht
BW,SW,Karlsruhe,16011378,schlecht
BW,SW,Karlsruhe,16011405,mangelhaft
BW,SW,Karlsruhe,16011463,mangelhaft
BW,SW,Karlsruhe,16011479,schlecht
NI,N,Bremen,16011641,mangelhaft
NI,N,Bremen,16011647,schlecht
RP,SW,Karlsruhe,16011717,schlecht
NW,W,Düsseldorf,16011732,mangelhaft
NW,W,Düsseldorf,16011736,schlecht
NW,W,Düsseldorf,16011739,schlecht
NW,W,Düsseldorf,16011743,schlecht
NW,W,Düsseldorf,16011744,mangelhaft
NW,W,Düsseldorf,16011748,schlecht
NW,W,Düsseldorf,16011755,schlecht
NW,W,Düsseldorf,16011800,schlecht
BW,SW,Freiburg,16011823,schlecht
BW,SW,Karlsruhe,16011886,schlecht
BW,SW,Karlsruhe,16011888,mangelhaft
BW,SW,Karlsruhe,16011899,schlecht
NW,W,Köln,16011997,mangelhaft
BW,SW,Karlsruhe,16012014,mangelhaft
NI,N,Bremen,16012036,mangelhaft
BW,SW,Freiburg,16012052,schlecht
HE,SW,Karlsruhe,16012068,schlecht
NW,N,Osnabrück,16012095,mangelhaft
NI,N,Osnabrück,16012100,schlecht
NW,N,Osnabrück,16012119,mangelhaft
NI,N,Bremen,16012142,schlecht
NI,N,Bremen,16012150,schlecht
RP,SW,Karlsruhe,16012242,schlecht
RP,SW,Karlsruhe,16012245,mangelhaft
RP,SW,Karlsruhe,16012254,mangelhaft
RP,SW,Karlsruhe,16012255,mangelhaft
BW,SW,Karlsruhe,16012303,schlecht
BW,MI,Mainz,16012348,mangelhaft
BW,SW,Karlsruhe,16012375,schlecht
BW,SW,Karlsruhe,16012379,schlecht
BW,SW,Karlsruhe,16012381,schlecht
BW,SW,Karlsruhe,16012382,mangelhaft
BW,SW,Karlsruhe,16012383,mangelhaft
BW,SW,Karlsruhe,16012385,schlecht
BW,SW,Freiburg,16012466,schlecht
BW,SW,Freiburg,16012475,schlecht
BW,SW,Freiburg,16012480,schlecht
NW,W,Köln,16012630,mangelhaft
NW,W,Köln,16012637,schlecht
RP,W,Köln,16012646,mangelhaft
NW,W,Köln,16012664,schlecht
NW,W,Köln,16012665,schlecht
RP,MI,Koblenz,16012700,mangelhaft
NW,W,Köln,16012727,schlecht
NW,W,Köln,16012728,mangelhaft
NW,W,Köln,16012730,mangelhaft
NW,W,Köln,16012746,schlecht
NW,W,Köln,16012759,mangelhaft
NW,W,Düsseldorf,16012774,schlecht
NW,W,Düsseldorf,16012777,mangelhaft
NW,W,Düsseldorf,16012778,mangelhaft
NW,W,Düsseldorf,16012782,schlecht
NW,W,Köln,16012793,schlecht
NW,W,Köln,16012797,schlecht
NW,W,Köln,16012825,mangelhaft
NW,W,Köln,16012826,mangelhaft
NW,W,Köln,16012827,schlecht
NW,W,Köln,16012856,schlecht
NW,W,Köln,16012857,mangelhaft
NW,W,Köln,16012864,schlecht
NW,W,Köln,16012884,schlecht
NW,W,Köln,16012892,mangelhaft
RP,W,Köln,16012907,mangelhaft
NW,W,Köln,16012910,schlecht
NW,W,Köln,16012915,mangelhaft
RP,MI,Koblenz,16012931,schlecht
RP,MI,Koblenz,16012949,schlecht
RP,MI,Koblenz,16012982,mangelhaft
RP,MI,Koblenz,16012990,schlecht
RP,MI,Koblenz,16013000,schlecht
RP,MI,Koblenz,16013021,mangelhaft
RP,MI,Koblenz,16013025,schlecht
RP,MI,Koblenz,16013057,schlecht
RP,MI,Koblenz,16013062,schlecht
NW,W,Düsseldorf,16013085,schlecht
NW,W,Düsseldorf,16013104,mangelhaft
NW,W,Duisburg,16013137,schlecht
NW,W,Düsseldorf,16013151,mangelhaft
NW,W,Hagen,16013164,schlecht
NW,W,Köln,16013228,mangelhaft
NW,W,Köln,16013229,mangelhaft
NW,W,Köln,16013238,mangelhaft
NW,W,Köln,16013243,schlecht
NW,W,Köln,16013245,schlecht
NW,W,Köln,16013249,mangelhaft
NW,W,Köln,16013252,schlecht
NW,W,Köln,16013256,schlecht
NW,W,Köln,16013260,schlecht
NW,W,Köln,16013279,schlecht
NW,W,Köln,16013290,schlecht
NW,W,Köln,16013314,schlecht
NW,W,Köln,16013315,schlecht
NW,W,Köln,16013342,schlecht
NW,W,Köln,16013346,schlecht
NW,W,Köln,16013396,schlecht
NW,W,Köln,16013420,mangelhaft
BY,S,Augsburg,16013432,schlecht
BW,SW,Freiburg,16013442,schlecht
BY,S,Augsburg,16013459,schlecht
RP,SW,Karlsruhe,16013474,mangelhaft
NW,W,Düsseldorf,16013494,schlecht
NW,W,Düsseldorf,16013520,mangelhaft
BW,SW,Freiburg,16013560,mangelhaft
BW,SW,Freiburg,16013561,schlecht
BW,SW,Freiburg,16013595,schlecht
HE,SW,Karlsruhe,16013645,mangelhaft
RP,SW,Karlsruhe,16013669,schlecht
RP,SW,Karlsruhe,16013670,mangelhaft
NW,W,Köln,16013706,mangelhaft
NW,W,Köln,16013709,schlecht
NW,W,Köln,16013717,mangelhaft
NW,W,Köln,16013730,mangelhaft
NW,W,Köln,16013740,schlecht
NW,W,Köln,16013746,mangelhaft
NW,W,Köln,16013755,mangelhaft
NW,W,Köln,16013769,schlecht
NW,W,Köln,16013779,schlecht
NW,W,Köln,16013782,schlecht
NW,W,Düsseldorf,16013816,mangelhaft
RP,MI,Koblenz,16013834,schlecht
RP,MI,Koblenz,16013868,schlecht
NW,W,Düsseldorf,16013876,schlecht
NW,W,Düsseldorf,16013893,schlecht
NW,W,Köln,16013928,mangelhaft
NW,W,Köln,16013930,mangelhaft
NW,W,Köln,16013933,schlecht
NW,W,Köln,16013943,schlecht
NW,W,Köln,16013957,schlecht
NW,W,Köln,16013964,schlecht
NW,W,Köln,16013998,mangelhaft
BW,SW,Freiburg,16014065,schlecht
RP,SW,Karlsruhe,16014071,schlecht
BW,SW,Freiburg,16014097,schlecht
NW,W,Düsseldorf,16014108,schlecht
NW,W,Düsseldorf,16014109,mangelhaft
RP,SW,Karlsruhe,16014168,mangelhaft
RP,SW,Karlsruhe,16014169,schlecht
BW,SW,Freiburg,16014187,schlecht
NW,W,Düsseldorf,16014221,schlecht
RP,MI,Koblenz,16014233,schlecht
RP,MI,Koblenz,16014244,schlecht
RP,MI,Koblenz,16014262,mangelhaft
RP,MI,Koblenz,16014266,schlecht
RP,MI,Koblenz,16014272,schlecht
NW,W,Düsseldorf,16014282,schlecht
NW,W,Düsseldorf,16014286,schlecht
RP,W,Köln,16014289,schlecht
NW,W,Düsseldorf,16014290,schlecht
NW,W,Düsseldorf,16014292,schlecht
NW,W,Duisburg,16014295,schlecht
RP,W,Köln,16014306,mangelhaft
NW,W,Duisburg,16014312,schlecht
NW,W,Köln,16014330,mangelhaft
NW,W,Köln,16014356,schlecht
NW,W,Köln,16014362,mangelhaft
NW,W,Köln,16014365,mangelhaft
NW,W,Düsseldorf,16014393,schlecht
RP,MI,Koblenz,16014430,mangelhaft
NW,W,Düsseldorf,16014464,schlecht
NW,W,Düsseldorf,16014465,schlecht
NW,W,Köln,16014508,schlecht
BW,SW,Freiburg,16014609,mangelhaft
BY,S,Augsburg,16014740,schlecht
BY,S,München,16014751,schlecht
BY,S,Südost-Bayernbahn,(RNI) 16014929,schlecht
BY,S,München,16014963,mangelhaft
BY,S,München,16014997,schlecht
BY,S,München,16015004,schlecht
BY,S,München,16015006,mangelhaft
BY,S,München,16015023,mangelhaft
BY,S,Augsburg,16015028,schlecht
BY,S,Augsburg,16015085,mangelhaft
BY,S,München,16015149,schlecht
BY,S,Südost-Bayernbahn,(RNI) 16015234,schlecht
BY,S,München,16015237,mangelhaft
BY,S,Südost-Bayernbahn,(RNI) 16015292,schlecht
BY,S,Augsburg,16015362,mangelhaft
BY,S,Augsburg,16015377,mangelhaft
BY,S,Augsburg,16015454,schlecht
NW,W,Köln,16015554,mangelhaft
NW,W,Köln,16015579,schlecht
NW,W,Köln,16015582,schlecht
NW,W,Düsseldorf,16015620,mangelhaft
NW,W,Düsseldorf,16015627,schlecht
NW,W,Düsseldorf,16015629,mangelhaft
NW,W,Düsseldorf,16015651,schlecht
RP,MI,Koblenz,16015702,schlecht
BY,S,Augsburg,16015704,schlecht
BY,S,München,16015711,schlecht
BY,S,München,16015716,mangelhaft
BY,S,Augsburg,16015756,schlecht
BY,S,Augsburg,16015762,mangelhaft
BY,S,Augsburg,16015768,schlecht
BY,S,Augsburg,16015790,mangelhaft
BY,S,München,16015862,schlecht
BY,S,München,16015919,mangelhaft
BY,S,München,16015955,schlecht
BY,S,München,16015956,schlecht
BY,S,Augsburg,16016001,mangelhaft
BY,S,München,16016003,einschränkend
BY,S,Augsburg,16016019,mangelhaft
BY,S,Augsburg,16016076,schlecht
BY,S,Augsburg,16016095,schlecht
NW,W,Köln,16016108,mangelhaft
NW,W,Köln,16016113,schlecht
RP,MI,Koblenz,16016125,schlecht
BY,S,Augsburg,16016137,schlecht
NW,W,Düsseldorf,16016180,schlecht
BY,S,Augsburg,16016209,schlecht
BY,S,München,16016285,schlecht
BY,S,München,16016289,schlecht
BY,S,München,16016311,mangelhaft
BY,S,Augsburg,16016360,schlecht
BY,S,Augsburg,16016383,schlecht
BY,S,München,16016426,schlecht
BY,S,Augsburg,16016466,schlecht
BY,S,Augsburg,16016546,schlecht
BY,S,Südost-Bayernbahn,(RNI) 16016560,mangelhaft
BY,S,München,16016589,mangelhaft
BY,S,München,16016591,mangelhaft
BY,S,München,16016598,mangelhaft
NW,W,Düsseldorf,16016613,schlecht
NW,W,Düsseldorf,16016642,schlecht
BY,S,Nürnberg,16016669,mangelhaft
BY,S,Nürnberg,16016671,schlecht
RP,MI,Mainz,16016715,schlecht
BY,S,Nürnberg,16016742,schlecht
BY,S,Nürnberg,16016858,einschränkend
BY,S,Nürnberg,16016867,schlecht
BY,S,Nürnberg,16016882,schlecht
BY,S,Nürnberg,16016892,schlecht
BY,S,Nürnberg,16016896,schlecht
BY,S,Nürnberg,16016898,einschränkend
BY,S,Nürnberg,16016987,schlecht
BY,S,Südost-Bayernbahn,(RNI) 16016993,schlecht
BY,MI,Westfrankenbahn (R,NI) 16017000,mangelhaft
BY,S,Regensburg,16017018,schlecht
BY,S,München,16017076,mangelhaft
BY,S,Nürnberg,16017137,schlecht
BY,S,Nürnberg,16017138,schlecht
BY,S,Nürnberg,16017139,mangelhaft
BY,S,Nürnberg,16017140,schlecht
BY,S,Nürnberg,16017141,schlecht
BY,S,Nürnberg,16017143,einschränkend
BY,S,Nürnberg,16017236,schlecht
BY,S,Nürnberg,16017269,schlecht
BY,S,Nürnberg,16017303,schlecht
BY,S,Würzburg,16017312,schlecht
BY,MI,Westfrankenbahn (R,NI) 16017319,schlecht
BY,MI,Westfrankenbahn (R,NI) 16017348,mangelhaft
BY,S,Regensburg,16017424,mangelhaft
BY,S,Regensburg,16017431,mangelhaft
BY,S,Regensburg,16017452,schlecht
BY,S,Südost-Bayernbahn,(RNI) 16017478,mangelhaft
BY,S,Südost-Bayernbahn,(RNI) 16017483,mangelhaft
BY,S,München,16017553,schlecht
BY,S,München,16017587,schlecht
BY,S,Nürnberg,16017603,schlecht
BY,S,Nürnberg,16017604,schlecht
BY,S,Nürnberg,16017667,schlecht
BY,S,München,16017697,schlecht
BY,S,Augsburg,16017704,schlecht
BY,S,Nürnberg,16017770,schlecht
BY,S,Nürnberg,16017786,schlecht
BY,S,Nürnberg,16017787,schlecht
BY,S,Nürnberg,16017788,schlecht
BY,S,Nürnberg,16017790,schlecht
BY,S,Südost-Bayernbahn,(RNI) 16017854,mangelhaft
BY,S,Südost-Bayernbahn,(RNI) 16017861,schlecht
BY,S,Nürnberg,16017911,schlecht
BY,S,Nürnberg,16017914,schlecht
BY,S,Nürnberg,16017916,schlecht
BY,S,Nürnberg,16017931,schlecht
BY,S,Nürnberg,16017939,schlecht
BY,S,Nürnberg,16017969,schlecht
BY,S,Nürnberg,16017990,schlecht
BY,S,Nürnberg,16017993,schlecht
BY,MI,Westfrankenbahn (R,NI) 16018016,mangelhaft
BY,S,Nürnberg,16018050,schlecht
BY,S,Südost-Bayernbahn,(RNI) 16018079,mangelhaft
BY,S,München,16018087,mangelhaft
BY,S,Südost-Bayernbahn,(RNI) 16018102,mangelhaft
BY,S,Südost-Bayernbahn,(RNI) 16018115,schlecht
BY,S,München,16018134,schlecht
BY,S,München,16018148,schlecht
BY,S,München,16018153,schlecht
BY,S,München,16018156,schlecht
BY,S,München,16018179,schlecht
BY,S,München,16018186,schlecht
BY,S,München,16018203,mangelhaft
BY,S,Würzburg,16018220,schlecht
BY,MI,Westfrankenbahn (R,NI) 16018226,schlecht
BY,S,Nürnberg,16018241,schlecht
BY,S,Würzburg,16018282,schlecht
BY,S,Nürnberg,16018307,schlecht
BY,S,Nürnberg,16018309,schlecht
BY,S,Nürnberg,16018310,schlecht
BY,S,Nürnberg,16018315,mangelhaft
BY,S,München,16018429,schlecht
RP,MI,Mainz,16018469,schlecht
BY,S,Nürnberg,16018486,schlecht
BY,S,Südost-Bayernbahn,(RNI) 16018521,schlecht
BY,S,Regensburg,16018674,mangelhaft
RP,SW,Saarbrücken,16018707,schlecht
RP,SW,Saarbrücken,16018745,schlecht
RP,SW,Saarbrücken,16018754,mangelhaft
RP,SW,Saarbrücken,16018760,schlecht
RP,SW,Saarbrücken,16018762,schlecht
RP,SW,Saarbrücken,16018769,mangelhaft
BW,SW,Stuttgart,16018802,mangelhaft
BW,SW,Stuttgart,16018804,schlecht
BW,SW,Stuttgart,16018832,mangelhaft
BW,SW,Stuttgart,16018834,mangelhaft
BW,SW,Freiburg,16018836,schlecht
BW,SW,Stuttgart,16018859,schlecht
BY,S,Würzburg,16018878,schlecht
BY,S,Regensburg,16018891,schlecht
RP,SW,Saarbrücken,16018911,schlecht
BY,S,Regensburg,16018934,schlecht
BY,S,Regensburg,16018935,schlecht
BY,S,Regensburg,16018980,schlecht
BY,S,Regensburg,16018989,schlecht
BY,S,Regensburg,16018990,schlecht
BY,S,Regensburg,16018991,schlecht
BY,S,Würzburg,16019034,mangelhaft
BY,S,Nürnberg,16019064,schlecht
BY,S,Würzburg,16019093,schlecht
BY,S,Würzburg,16019095,mangelhaft
BY,S,Würzburg,16019120,mangelhaft
BY,S,Würzburg,16019123,schlecht
BY,S,Nürnberg,16019141,mangelhaft
BY,S,Nürnberg,16019145,mangelhaft
BY,S,Nürnberg,16019147,mangelhaft
RP,MI,Mainz,16019161,schlecht
BY,S,Nürnberg,16019202,schlecht
BY,S,Regensburg,16019224,schlecht
BY,S,Regensburg,16019231,schlecht
BY,S,Regensburg,16019280,mangelhaft
BY,S,Regensburg,16019286,schlecht
BY,S,Regensburg,16019310,schlecht
BY,S,Regensburg,16019317,mangelhaft
BY,S,Regensburg,16019350,schlecht
BY,S,Regensburg,16019355,schlecht
BY,S,Regensburg,16019362,schlecht
BY,S,Regensburg,16019364,schlecht
BY,S,Regensburg,16019413,schlecht
BY,S,Nürnberg,16019442,mangelhaft
BY,S,Nürnberg,16019449,schlecht
BY,S,Nürnberg,16019469,schlecht
BY,S,Nürnberg,16019473,schlecht
BY,S,Nürnberg,16019492,schlecht
BY,S,Nürnberg,16019495,mangelhaft
BY,S,Würzburg,16019602,schlecht
BY,S,Würzburg,16019612,mangelhaft
BY,S,Würzburg,16019620,schlecht
BY,S,Würzburg,16019632,mangelhaft
BY,S,Nürnberg,16019663,schlecht
BY,S,Nürnberg,16019672,mangelhaft
BY,S,Nürnberg,16019674,mangelhaft
RP,MI,Mainz,16019701,mangelhaft
RP,MI,Mainz,16019704,schlecht
RP,SW,Saarbrücken,16019767,schlecht
BY,S,Regensburg,16019813,schlecht
BY,S,Regensburg,16019825,schlecht
BY,S,Regensburg,16019855,schlecht
BY,S,Regensburg,16019856,schlecht
BY,S,Nürnberg,16019865,schlecht
BY,S,Nürnberg,16019876,schlecht
BY,S,Nürnberg,16019880,schlecht
BY,S,Nürnberg,16019881,schlecht
BY,S,Würzburg,16019923,schlecht
BY,S,Regensburg,16019982,mangelhaft
BY,S,Regensburg,16020016,schlecht
BW,SW,Stuttgart,16020234,einschränkend
BW,SW,Stuttgart,16020257,schlecht
BY,S,Regensburg,16020265,schlecht
BY,S,Regensburg,16020269,schlecht
BY,S,Regensburg,16020282,mangelhaft
BY,S,Regensburg,16020297,mangelhaft
BY,S,Regensburg,16020306,mangelhaft
RP,MI,Mainz,16020325,schlecht
BY,S,Regensburg,16020369,schlecht
BY,S,Würzburg,16020401,schlecht
RP,SW,Saarbrücken,16020461,schlecht
BY,S,Nürnberg,16020521,schlecht
BY,S,Nürnberg,16020528,schlecht
BY,S,Nürnberg,16020532,schlecht
BY,S,Nürnberg,16020533,schlecht
BY,S,Nürnberg,16020558,schlecht
BY,S,Nürnberg,16020561,schlecht
BY,S,Nürnberg,16020563,einschränkend
BY,S,Nürnberg,16020573,schlecht
BY,S,Nürnberg,16020574,schlecht
BY,S,Regensburg,16020593,mangelhaft
BY,S,Regensburg,16020594,schlecht
BY,S,Regensburg,16020619,schlecht
BY,S,Würzburg,16020626,mangelhaft
BY,S,Nürnberg,16020656,schlecht
BY,S,Nürnberg,16020663,schlecht
BW,SW,Stuttgart,16020692,schlecht
BW,SW,Ulm,16020730,schlecht
BW,SW,Ulm,16020738,schlecht
BW,SW,Stuttgart,16020818,schlecht
BW,SW,Stuttgart,16020866,schlecht
BW,SW,Stuttgart,16020868,schlecht
BW,SW,Stuttgart,16020872,schlecht
BW,SW,Freiburg,16020941,schlecht
SL,SW,Saarbrücken,16020981,schlecht
SL,SW,Saarbrücken,16021002,mangelhaft
RP,MI,Koblenz,16021020,mangelhaft
RP,MI,Koblenz,16021030,schlecht
SL,SW,Saarbrücken,16021168,schlecht
SL,SW,Saarbrücken,16021177,schlecht
SL,SW,Saarbrücken,16021198,mangelhaft
SL,SW,Saarbrücken,16021207,schlecht
SL,SW,Saarbrücken,16021225,mangelhaft
BW,SW,Ulm,16021283,schlecht
BW,SW,Ulm,16021296,mangelhaft
BW,SW,Ulm,16021323,mangelhaft
BW,SW,Freiburg,16021336,schlecht
BW,SW,Freiburg,16021338,schlecht
BW,SW,Stuttgart,16021350,schlecht
RP,MI,Koblenz,16021432,schlecht
RP,MI,Koblenz,16021474,schlecht
SL,SW,Saarbrücken,16021548,schlecht
SL,SW,Saarbrücken,16021560,schlecht
SL,SW,Saarbrücken,16021566,mangelhaft
SL,SW,Saarbrücken,16021656,schlecht
SL,SW,Saarbrücken,16021659,mangelhaft
SL,SW,Saarbrücken,16021678,schlecht
RP,SW,Saarbrücken,16021695,mangelhaft
RP,MI,Mainz,16021706,schlecht
BW,SW,Freiburg,16021783,schlecht
BW,SW,Ulm,16021796,schlecht
BW,SW,Ulm,16021799,mangelhaft
BW,SW,Freiburg,16021802,mangelhaft
BW,SW,Freiburg,16021810,schlecht
BW,SW,Freiburg,16021817,schlecht
BW,SW,Freiburg,16021820,schlecht
RP,MI,Koblenz,16021873,schlecht
RP,MI,Koblenz,16021881,schlecht
SL,SW,Saarbrücken,16021933,mangelhaft
RP,SW,Saarbrücken,16021981,schlecht
RP,SW,Saarbrücken,16021994,schlecht
RP,SW,Saarbrücken,16022040,mangelhaft
RP,MI,Koblenz,16022057,schlecht
RP,MI,Koblenz,16022067,schlecht
RP,MI,Koblenz,16022081,schlecht
SL,SW,Saarbrücken,16022145,schlecht
SL,SW,Saarbrücken,16022167,mangelhaft
RP,MI,Mainz,16022216,schlecht
RP,MI,Koblenz,16022283,mangelhaft
SL,SW,Saarbrücken,16022323,schlecht
BW,SW,Ulm,16022374,schlecht
BW,SW,Ulm,16022377,schlecht
SL,SW,Saarbrücken,16022432,schlecht
BW,SW,Stuttgart,16022457,mangelhaft
BW,SW,Stuttgart,16022512,mangelhaft
RP,MI,Koblenz,16022548,mangelhaft
RP,MI,Koblenz,16022579,schlecht
RP,MI,Koblenz,16022583,schlecht
BW,SW,Freiburg,16022619,mangelhaft
SL,SW,Saarbrücken,16022646,schlecht
BW,SW,Ulm,16022707,mangelhaft
BW,SW,Freiburg,16022878,mangelhaft
BW,SW,Ulm,16022912,schlecht
BW,SW,Stuttgart,16022914,schlecht
BW,SW,Stuttgart,16022927,schlecht
BW,SW,Stuttgart,16022949,einschränkend
BW,SW,Ulm,16022998,mangelhaft
BW,SW,Ulm,16023031,schlecht
BW,SW,Stuttgart,16023033,schlecht
BW,SW,Freiburg,16023184,schlecht
BW,SW,Freiburg,16023185,schlecht
BW,SW,Stuttgart,16023188,schlecht
BW,SW,Freiburg,16023196,schlecht
BW,SW,Stuttgart,16023198,schlecht
BW,SW,Stuttgart,16023199,schlecht
BW,SW,Freiburg,16023251,schlecht
BW,SW,Ulm,16023310,schlecht
BW,SW,Stuttgart,16023324,mangelhaft
BW,SW,Ulm,16023331,schlecht
BW,SW,Ulm,16023363,schlecht
BW,SW,Stuttgart,16023398,schlecht
NW,W,Hagen,16023410,schlecht
NI,N,Hamburg,16023543,mangelhaft
HH,N,Hamburg,16023565,mangelhaft
HE,MI,Frankfurt (Main),16023648,mangelhaft
RP,MI,Koblenz,16023790,schlecht
HE,MI,Frankfurt (Main),16023818,mangelhaft
HE,W,Hagen,16023840,schlecht
NW,W,Hagen,16023881,mangelhaft
NW,W,Hagen,16023915,schlecht
NW,W,Hagen,16023916,schlecht
NI,N,Bremen,16023938,mangelhaft
HE,MI,Kassel,16024015,schlecht
BY,S,Nürnberg,16024183,mangelhaft
BY,S,Augsburg,16024228,schlecht
BY,S,Augsburg,16024327,schlecht
NI,N,Hannover,16024409,mangelhaft
HE,N,Hannover,16024457,schlecht
BW,SW,Freiburg,16024485,schlecht
BY,S,Regensburg,16024518,mangelhaft
BY,S,Augsburg,16024550,mangelhaft
RP,SW,Karlsruhe,16024565,mangelhaft
RP,SW,Karlsruhe,16024607,mangelhaft
RP,SW,Karlsruhe,16024614,mangelhaft
BY,S,München,16024649,mangelhaft
BY,S,Augsburg,16024663,schlecht
RP,SW,Karlsruhe,16024735,schlecht
RP,SW,Karlsruhe,16024942,schlecht
BW,SW,Freiburg,16024959,mangelhaft
NI,N,Hannover,16025236,mangelhaft
HE,MI,Frankfurt (Main),16025269,schlecht
RP,SW,Karlsruhe,16025302,mangelhaft
RP,MI,Mainz,16025334,schlecht
BW,SW,Stuttgart,16025489,schlecht
NW,W,Hagen,16025518,schlecht
SH,N,Kiel,16025544,mangelhaft
HE,MI,Mainz,16025597,schlecht
NI,N,Hannover,16025632,mangelhaft
NI,N,Hannover,16025637,schlecht
NI,N,Hannover,16025639,mangelhaft
NI,N,Hannover,16025647,schlecht
HE,MI,Kassel,16025683,schlecht
NW,W,Hagen,16025713,mangelhaft
BW,SW,Freiburg,16027128,einschränkend
BE,O,Berlin,16027198,schlecht
BE,O,Berlin,16027211,schlecht
BE,O,Berlin,16027226,schlecht
BE,O,Berlin,16027259,schlecht
BE,O,Berlin,16027272,schlecht
BE,O,Berlin,16027273,mangelhaft
BE,O,Berlin,16027279,mangelhaft
BE,O,Berlin,16027280,mangelhaft
BB,O,Cottbus,16027287,mangelhaft
BB,O,Cottbus,16027300,mangelhaft
BB,O,Cottbus,16027303,schlecht
BE,O,Berlin,16027307,schlecht
BB,O,Cottbus,16027315,mangelhaft
BB,O,Cottbus,16027316,mangelhaft
BB,O,Berlin,16027328,schlecht
BB,O,Berlin,16027330,schlecht
BB,O,Berlin,16027332,schlecht
BB,O,Berlin,16027333,schlecht
BB,O,Berlin,16027334,schlecht
BB,O,Berlin,16027336,schlecht
BB,O,Berlin,16027356,mangelhaft
BE,O,Berlin,16027380,schlecht
BB,O,Berlin,16027393,schlecht
BB,O,Berlin,16027395,schlecht
BB,O,Berlin,16027400,mangelhaft
BE,O,Berlin,16027405,schlecht
BB,O,Berlin,16027411,mangelhaft
BE,O,Berlin,16027421,mangelhaft
BE,O,Berlin,16027422,mangelhaft
BB,O,Berlin,16027430,mangelhaft
BB,O,Berlin,16027434,schlecht
BB,O,Berlin,16027437,mangelhaft
BE,O,Berlin,16027443,mangelhaft
BE,O,Berlin,16027455,schlecht
BE,O,Berlin,16027460,mangelhaft
BB,O,Berlin,16027476,mangelhaft
BE,O,Berlin,16027483,mangelhaft
BE,O,Berlin,16027527,mangelhaft
BE,O,Berlin,16027561,schlecht
BE,O,Berlin,16027567,schlecht
BE,O,Berlin,16027579,schlecht
BB,O,Berlin,16027638,mangelhaft
BB,O,Berlin,16027640,schlecht
BB,O,Cottbus,16027672,mangelhaft
BB,O,Cottbus,16027673,schlecht
BB,O,Cottbus,16027674,schlecht
BB,O,Cottbus,16027676,schlecht
BE,O,Berlin,16027690,mangelhaft
BE,O,Berlin,16027691,mangelhaft
BB,O,Cottbus,16027717,mangelhaft
BB,O,Cottbus,16027723,schlecht
BB,O,Cottbus,16027732,schlecht
BB,O,Cottbus,16027739,schlecht
BB,O,Cottbus,16027750,schlecht
BB,O,Cottbus,16027756,mangelhaft
BB,O,Berlin,16027779,schlecht
BB,O,Berlin,16027809,schlecht
BE,O,Berlin,16027816,schlecht
BE,O,Berlin,16027833,mangelhaft
BB,O,Berlin,16027837,mangelhaft
BB,O,Berlin,16027858,schlecht
BE,O,Berlin,16027945,schlecht
BB,O,Berlin,16027961,mangelhaft
BE,O,Berlin,16028053,schlecht
BE,O,Berlin,16028055,mangelhaft
BB,O,Cottbus,16028066,mangelhaft
BE,O,Berlin,16028072,mangelhaft
BB,O,Cottbus,16028079,schlecht
BE,O,Berlin,16028105,schlecht
BE,O,Berlin,16028269,schlecht
BE,O,Berlin,16028290,mangelhaft
BE,O,Berlin,16028343,mangelhaft
BE,O,Berlin,16028345,mangelhaft
BE,O,Berlin,16028346,mangelhaft
BE,O,Berlin,16028347,mangelhaft
BE,O,Berlin,16028348,schlecht
BE,O,Berlin,16028351,schlecht
BE,O,Berlin,16028352,schlecht
BE,O,Berlin,16028359,mangelhaft
BE,O,Berlin,16028361,schlecht
BE,O,Berlin,16028362,schlecht
BE,O,Berlin,16028363,schlecht
BE,O,Berlin,16028365,schlecht
BE,O,Berlin,16028371,schlecht
BE,O,Berlin,16028373,mangelhaft
BE,O,Berlin,16028375,schlecht
BE,O,Berlin,16028381,mangelhaft
BE,O,Berlin,16028407,schlecht
BE,O,Berlin,16028432,mangelhaft
BE,O,Berlin,16028460,schlecht
BE,O,Berlin,16028469,schlecht
BE,O,Berlin,16028488,schlecht
BE,O,Berlin,16028493,schlecht
BE,O,Berlin,16028536,mangelhaft
BB,O,Cottbus,16028565,mangelhaft
BB,O,Cottbus,16028594,schlecht
BB,O,Cottbus,16028619,schlecht
BB,O,Cottbus,16028624,schlecht
BB,SO,Dresden,16028630,mangelhaft
BB,O,Cottbus,16028633,mangelhaft
BB,SO,Leipzig,16028721,einschränkend
SN,SO,Dresden,16028739,mangelhaft
BB,SO,Dresden,16028757,schlecht
BB,SO,Dresden,16028758,schlecht
BB,SO,Dresden,16028766,schlecht
BB,O,Cottbus,16028814,schlecht
BB,O,Cottbus,16028826,schlecht
BB,O,Cottbus,16028873,mangelhaft
SN,SO,Dresden,16028980,schlecht
SN,SO,Dresden,16028981,schlecht
SN,SO,Dresden,16028982,schlecht
SN,SO,Dresden,16029026,schlecht
SN,SO,Dresden,16029042,schlecht
SN,SO,Dresden,16029043,schlecht
SN,SO,Dresden,16029046,schlecht
SN,SO,Dresden,16029090,schlecht
SN,SO,Dresden,16029121,schlecht
SN,SO,Zwickau,16029128,schlecht
SN,SO,Dresden,16029187,schlecht
SN,SO,Dresden,16029196,schlecht
SN,SO,Dresden,16029297,schlecht
SN,SO,Dresden,16029299,schlecht
SN,SO,Dresden,16029390,mangelhaft
SN,SO,Dresden,16029450,schlecht
SN,SO,Dresden,16029496,schlecht
SN,SO,Zwickau,16029528,schlecht
SN,SO,Dresden,16029597,schlecht
SN,SO,Dresden,16029891,mangelhaft
SN,SO,Dresden,16029897,schlecht
SN,SO,Dresden,16029967,schlecht
SN,SO,Dresden,16030008,mangelhaft
SN,SO,Dresden,16030054,mangelhaft
SN,SO,Dresden,16030057,schlecht
SN,SO,Dresden,16030072,mangelhaft
SN,SO,Dresden,16030089,schlecht
SN,SO,Dresden,16030265,schlecht
SN,SO,Dresden,16030279,schlecht
SN,SO,Zwickau,16030347,schlecht
SN,SO,Erzgebirge (RNI),16030598,schlecht
SN,SO,Zwickau,16030694,mangelhaft
SN,SO,Zwickau,16030735,schlecht
SN,SO,Zwickau,16030741,schlecht
SN,SO,Zwickau,16030750,schlecht
SN,SO,Zwickau,16030780,schlecht
SN,SO,Zwickau,16031105,schlecht
SN,SO,Zwickau,16031109,schlecht
SN,SO,Zwickau,16031110,schlecht
SN,SO,Zwickau,16031120,mangelhaft
SN,SO,Zwickau,16031153,mangelhaft
SN,SO,Erzgebirge (RNI),16031180,schlecht
SN,SO,Zwickau,16031231,schlecht
SN,SO,Zwickau,16031241,schlecht
SN,SO,Zwickau,16031264,mangelhaft
TH,SO,Zwickau,16031300,schlecht
TH,SO,Zwickau,16031305,mangelhaft
SN,SO,Zwickau,16031334,mangelhaft
SN,SO,Zwickau,16031351,mangelhaft
SN,SO,Zwickau,16031352,schlecht
TH,SO,Leipzig,16031381,schlecht
TH,SO,Leipzig,16031383,schlecht
SN,SO,Zwickau,16031419,schlecht
SN,SO,Erzgebirge (RNI),16031546,mangelhaft
SN,SO,Zwickau,16031556,mangelhaft
ST,SO,Erfurt,16031614,schlecht
ST,SO,Erfurt,16031639,schlecht
TH,SO,Erfurt,16031765,schlecht
TH,SO,Erfurt,16031766,mangelhaft
TH,SO,Halle,16031890,schlecht
TH,SO,Halle,16031891,schlecht
TH,SO,Erfurt,16031950,schlecht
TH,SO,Erfurt,16032051,schlecht
TH,SO,Halle,16032070,mangelhaft
TH,SO,Erfurt,16032166,schlecht
ST,SO,Erfurt,16032198,schlecht
TH,SO,Erfurt,16032231,mangelhaft
TH,SO,Erfurt,16032232,mangelhaft
TH,SO,Erfurt,16032233,schlecht
ST,SO,Erfurt,16032247,schlecht
ST,SO,Erfurt,16032259,schlecht
ST,SO,Erfurt,16032260,mangelhaft
TH,SO,Erfurt,16032265,schlecht
TH,SO,Erfurt,16032290,schlecht
TH,SO,Halle,16032348,mangelhaft
TH,SO,Erfurt,16032410,mangelhaft
TH,SO,Erfurt,16032411,schlecht
TH,SO,Erfurt,16032421,mangelhaft
TH,SO,Erfurt,16032425,schlecht
TH,SO,Erfurt,16032475,mangelhaft
TH,SO,Erfurt,16032525,schlecht
TH,SO,Erfurt,16032544,mangelhaft
TH,SO,Oberweißbacher Ber,gb. (RN16I)032570,schlecht
ST,SO,Erfurt,16032635,schlecht
TH,SO,Erfurt,16032753,mangelhaft
TH,SO,Erfurt,16032780,mangelhaft
TH,SO,Erfurt,16032782,mangelhaft
TH,SO,Erfurt,16032885,schlecht
TH,SO,Erfurt,16032908,schlecht
TH,SO,Erfurt,16032922,schlecht
TH,SO,Erfurt,16032927,mangelhaft
TH,SO,Erfurt,16032956,schlecht
TH,SO,Erfurt,16032961,schlecht
TH,SO,Erfurt,16032990,schlecht
TH,SO,Erfurt,16032999,schlecht
TH,SO,Erfurt,16033037,schlecht
ST,SO,Erfurt,16033090,mangelhaft
SN,SO,Leipzig,16033430,schlecht
BB,SO,Leipzig,16033442,schlecht
ST,SO,Leipzig,16033467,schlecht
SN,SO,Leipzig,16033538,schlecht
SN,SO,Leipzig,16033573,schlecht
SN,SO,Leipzig,16033578,mangelhaft
SN,SO,Leipzig,16033579,mangelhaft
SN,SO,Leipzig,16033580,schlecht
SN,SO,Leipzig,16033595,schlecht
SN,SO,Leipzig,16033614,schlecht
SN,SO,Leipzig,16033628,mangelhaft
SN,SO,Leipzig,16033633,schlecht
SN,SO,Leipzig,16033639,schlecht
SN,SO,Leipzig,16033652,schlecht
SN,SO,Leipzig,16033665,schlecht
SN,SO,Leipzig,16033667,mangelhaft
ST,SO,Halle,16033701,schlecht
ST,SO,Halle,16033721,schlecht
SN,SO,Leipzig,16033747,schlecht
ST,SO,Halle,16033863,mangelhaft
ST,SO,Halle,16033875,schlecht
ST,SO,Halle,16033919,schlecht
ST,SO,Halle,16033920,schlecht
ST,SO,Halle,16033921,schlecht
ST,SO,Halle,16033922,mangelhaft
ST,SO,Halle,16033925,mangelhaft
ST,SO,Leipzig,16033948,mangelhaft
TH,SO,Leipzig,16033982,mangelhaft
TH,SO,Leipzig,16033989,mangelhaft
SN,SO,Leipzig,16034042,schlecht
SN,SO,Leipzig,16034096,mangelhaft
SN,SO,Leipzig,16034102,schlecht
ST,SO,Leipzig,16034111,mangelhaft
ST,SO,Magdeburg,16034306,schlecht
ST,SO,Magdeburg,16034330,schlecht
ST,SO,Magdeburg,16034331,schlecht
ST,SO,Magdeburg,16034433,schlecht
ST,SO,Magdeburg,16034546,schlecht
ST,SO,Magdeburg,16034550,mangelhaft
ST,SO,Magdeburg,16034551,mangelhaft
ST,SO,Magdeburg,16034563,mangelhaft
ST,SO,Magdeburg,16034594,schlecht
ST,SO,Magdeburg,16034622,mangelhaft
ST,SO,Magdeburg,16034623,mangelhaft
ST,SO,Magdeburg,16034625,schlecht
ST,SO,Magdeburg,16034635,schlecht
ST,SO,Magdeburg,16034720,mangelhaft
BB,SO,Magdeburg,16034731,schlecht
ST,SO,Magdeburg,16034866,schlecht
ST,SO,Magdeburg,16034871,mangelhaft
ST,SO,Magdeburg,16034937,schlecht
ST,SO,Magdeburg,16035015,schlecht
ST,SO,Magdeburg,16035049,schlecht
ST,SO,Magdeburg,16035050,schlecht
BB,O,Neustrelitz,16035146,schlecht
MV,O,Neustrelitz,16035159,mangelhaft
MV,O,Neustrelitz,16035171,mangelhaft
MV,O,Neustrelitz,16035183,schlecht
BB,O,Neustrelitz,16035323,mangelhaft
MV,O,Neustrelitz,16035334,mangelhaft
BB,O,Neustrelitz,16035343,mangelhaft
BB,O,Neustrelitz,16035344,schlecht
MV,O,Neustrelitz,16035352,mangelhaft
MV,O,Schwerin,16035450,mangelhaft
MV,O,Schwerin,16035451,mangelhaft
MV,N,Kiel,16035454,schlecht
MV,O,Schwerin,16035492,schlecht
MV,O,Schwerin,16035494,schlecht
ST,O,Schwerin,16035518,schlecht
MV,O,Schwerin,16035525,schlecht
MV,O,Schwerin,16035588,mangelhaft
BB,O,Schwerin,16035651,mangelhaft
MV,O,Schwerin,16035749,schlecht
MV,O,Schwerin,16035768,schlecht
BE,O,Berlin,16036894,schlecht
BE,O,Berlin,16036897,schlecht
BE,O,Berlin,16036900,mangelhaft
BE,O,Berlin,16036956,schlecht
BE,O,Berlin,16036965,schlecht
BE,O,Berlin,16039552,schlecht
NW,W,Köln,16039689,schlecht
SN,SO,Dresden,16040527,schlecht
TH,SO,Erfurt,16040741,mangelhaft
BY,S,Nürnberg,16040816,schlecht
BY,S,Nürnberg,16040817,schlecht
BW,SW,Karlsruhe,16040914,mangelhaft
BW,SW,Karlsruhe,16040918,mangelhaft
BW,SW,Karlsruhe,16040919,schlecht
NW,W,Hagen,16041348,schlecht
TH,SO,Erfurt,16043877,schlecht
TH,SO,Erfurt,16043878,schlecht
NW,W,Köln,16043958,mangelhaft
SN,SO,Leipzig,16044086,mangelhaft
BB,O,Berlin,16044138,mangelhaft
HE,MI,Kurhessenbahn (RN,I) 16044451,schlecht
HE,MI,Kurhessenbahn (RN,I) 16044454,schlecht
TH,SO,Halle,16044540,mangelhaft
TH,SO,Erfurt,16044826,mangelhaft
TH,SO,Erfurt,16044827,mangelhaft
TH,SO,Erfurt,16044830,mangelhaft
TH,SO,Erfurt,16044832,mangelhaft
TH,SO,Erfurt,16044841,schlecht
TH,SO,Erfurt,16044863,schlecht
ST,SO,Halle,16044906,mangelhaft
TH,SO,Halle,16044926,mangelhaft
TH,SO,Halle,16045038,schlecht
RP,SW,Karlsruhe,16045332,mangelhaft
RP,SW,Karlsruhe,16045333,mangelhaft
TH,SO,Halle,16045386,mangelhaft
RP,MI,Koblenz,16045640,schlecht
TH,SO,Erfurt,16045816,schlecht
NW,W,Hagen,16046050,schlecht
TH,SO,Erfurt,16046288,schlecht
TH,SO,Erfurt,16046293,mangelhaft
BY,S,München,16046468,mangelhaft
BE,O,Berlin,16046548,schlecht
HB,N,Bremen,16046604,schlecht
HH,N,Hamburg,16046648,mangelhaft
HH,N,Hamburg,16046822,mangelhaft
BY,S,Nürnberg,16046841,einschränkend
TH,SO,Erfurt,16046874,schlecht
TH,SO,Erfurt,16047085,schlecht
SN,SO,Dresden,16047747,schlecht
NW,W,Hamm,16049041,einschränkend
NW,N,Osnabrück,16049473,mangelhaft
SN,SO,Dresden,16049846,mangelhaft
NW,W,Hagen,16050836,schlecht
RP,W,Hagen,16050846,mangelhaft
NW,W,Duisburg,16050851,schlecht
NW,W,Duisburg,16050859,mangelhaft
RP,W,Hagen,16050861,schlecht
BW,SW,Karlsruhe,16051005,schlecht
HH,N,Hamburg,16051122,mangelhaft
HH,N,Hamburg,16051125,mangelhaft
SN,SO,Dresden,16051175,schlecht
BB,O,Berlin,16051178,mangelhaft
RP,MI,Koblenz,16051500,mangelhaft
HE,MI,Mainz,16051743,mangelhaft
NW,N,Osnabrück,16052264,mangelhaft
HH,N,Hamburg,16052397,schlecht
HH,N,Hamburg,16052406,schlecht
HH,N,Hamburg,16052410,schlecht
SN,SO,Dresden,16052457,mangelhaft
NW,W,Duisburg,16052460,mangelhaft
BE,O,Berlin,16052509,schlecht
BE,O,Berlin,16052737,mangelhaft
BE,O,Berlin,16052739,mangelhaft
BE,O,Berlin,16052740,mangelhaft
HB,N,Bremen,16052882,schlecht
BE,O,Berlin,16053840,schlecht
BE,O,Berlin,16053868,schlecht
BE,O,Berlin,16053878,schlecht
BE,O,Berlin,16053879,schlecht
BE,O,Berlin,16053893,schlecht
BE,O,Berlin,16053969,schlecht
BE,O,Berlin,16054064,mangelhaft
BE,O,Berlin,16054065,mangelhaft
BE,O,Berlin,16054067,mangelhaft
BB,O,Berlin,16054072,mangelhaft
BE,O,Berlin,16054090,schlecht
BW,SW,Karlsruhe,16054178,schlecht
BW,SW,Karlsruhe,16054179,schlecht
NW,W,Hagen,16054311,schlecht
BE,O,Berlin,16054585,mangelhaft
BE,O,Berlin,16054668,mangelhaft
BE,O,Berlin,16054717,schlecht
BE,O,Berlin,16054784,schlecht
BE,O,Berlin,16054985,schlecht
SN,SO,Dresden,16055268,schlecht
MV,O,Neustrelitz,16055744,schlecht
HH,N,Hamburg,16056064,mangelhaft
BE,O,Berlin,16056113,mangelhaft
BB,O,Cottbus,16056750,schlecht
MV,O,Neustrelitz,16057914,schlecht
NW,W,Hagen,16058331,schlecht
NW,W,Hagen,16059493,mangelhaft
HB,N,Bremen,16060563,schlecht
NW,W,Duisburg,16060762,mangelhaft
NW,MI,Kassel,16061558,schlecht
BB,O,Berlin,16061601,mangelhaft
SN,SO,Erzgebirge (RNI),16061766,mangelhaft
SN,SO,Zwickau,16061831,schlecht
BB,O,Berlin,16061877,schlecht
NW,W,Hagen,16062037,mangelhaft
BY,S,Nürnberg,16062187,mangelhaft
BY,S,Nürnberg,16062188,mangelhaft
BB,O,Cottbus,16062333,schlecht
NW,W,Düsseldorf,16062346,schlecht
BY,S,München,16063241,mangelhaft
BB,O,Cottbus,16063370,schlecht
BY,S,München,16063569,schlecht
NW,W,Duisburg,16063882,mangelhaft
BY,S,München,16064033,mangelhaft
BY,S,München,16064034,mangelhaft
NI,N,Hannover,16064070,schlecht
RP,MI,Koblenz,16064494,schlecht
NW,W,Hagen,16064615,mangelhaft
SN,SO,Zwickau,16064740,schlecht
NW,W,Duisburg,16064759,schlecht
RP,MI,Koblenz,16065130,schlecht
NW,W,Hagen,16065189,schlecht
NI,N,Hannover,16065334,schlecht
NW,W,Duisburg,16065366,mangelhaft
NW,W,Düsseldorf,16065420,schlecht
BY,S,Regensburg,16065531,schlecht
